region,avg_prevalence,avg_median_household_income
South,36.2764705882353,68936.6471
Midwest,36,70346.0000
West,30.915384615384614,79588.3077
Northeast,30.144444444444446,82888.6667
